mysterytextID,mystertextName,mysterytextDescription,mysteryType_FK,lexicon_FK
1,"The Annunciation of the Angel to Mary","First Joyful Mystery",1,1
2,"The visitation of Mary to Saint Elizabeth","Second Joyful Mystery",1,1
3,"The nativity of Jesus in Bethlehem","Third Joyful Mystery",1,1
4,"The presentation of Jesus to the Temple","Fourth Joyful Mystery",1,1
5,"The finding of Jesus in the Temple","Fifth Joyful Mystery",1,1
6,"The Baptism of Jesus","First Luminous Mystery",2,1
7,"The wedding of Cana","Second Luminous Mystery",2,1
8,"The proclamation of the Kingdom of God","Third Luminous Mystery",2,1
9,"The Transfiguration","Fourth Luminous Mystery",2,1
10,"The institution of the Eucharist","Fifth Luminous Mystery",2,1
11,"The Agony of Jesus in the garden","First Sorrowful Mystery",3,1
12,"The scourging of Jesus at the pillar","Second Sorrowful Mystery",3,1
13,"The Crowning with Thorns","Third Sorrowful Mystery",3,1
14,"The Carrying of the Cross","Fourth Sorrowful Mystery",3,1
15,"The crucifixion and death of Jesus","Fifth Sorrowful Mystery",3,1
16,"The Resurrection of Jesus Christ","First Glorious Mystery",4,1
17,"The Ascension of Jesus to Heaven","Second Glorious Mystery",4,1
18,"The Descent of the Holy Ghost","Third Glorious Mystery",4,1
19,"The Assumption of the Blessed Virgin Mary","Fourth Glorious Mystery",4,1
20,"The Coronation of the Blessed Virgin Mary","Fifth Glorious Mystery",4,1
