versePK,verseNumber,verseString,chapter_FK,book_FK
104,1,"Blessed is the man who does not walk in the counsel of the wicked, Nor stand in the way* of sinners, nor sit in company with scoffers.a",1,1
105,2,"Rather, the law of the LORD* is his joy; and on his law he meditates day and night",1,1
106,3,"He is like a tree planted near streams of water, that yields its fruit in season; Its leaves never wither; whatever he does prospers.",1,1
107,4,"But not so are the wicked, not so! They are like chaff driven by the wind.",1,1
108,5,"Therefore the wicked will not arise at the judgment, nor will sinners in the assembly of the just.",1,1
109,6,"Because the LORD knows the way of the just, but the way of the wicked leads to ruin.",1,1
110,1,Why do the nations protest and the peoples conspire in vain?,2,1
111,2,Kings on earth rise up and princes plot together against the LORD and against his anointed one:,2,1
112,3,“Let us break their shackles and cast off their chains from us!”,2,1
113,4,"The one enthroned in heaven laughs; the Lord derides them,",2,1
114,5,"Then he speaks to them in his anger, in his wrath he terrifies them:",2,1
115,6,"“I myself have installed my king on Zion, my holy mountain.”",2,1
116,7,"I will proclaim the decree of the LORD, he said to me, “You are my son; today I have begotten you.",2,1
117,8,"Ask it of me, and I will give you the nations as your inheritance, and, as your possession, the ends of the earth.",2,1
118,9,"With an iron rod you will shepherd them, like a potter’s vessel you will shatter them.”",2,1
119,10,"And now, kings, give heed; take warning, judges on earth.",2,1
120,11,"Serve the LORD with fear; exult with trembling, Accept correction lest he become angry and you perish along the way when his anger suddenly blazes up. Blessed are all who take refuge in him!",2,1
121,1,"A psalm of David, when he fled from his son Absalom.",3,1
122,2,"I How many are my foes, LORD! How many rise against me!",3,1
123,3,"How many say of me, “There is no salvation for him in God.” Selah",3,1
124,4,"But you, LORD, are a shield around me; my glory, you keep my head high.",3,1
125,5,"II With my own voice I will call out to the LORD, and he will answer me from his holy mountain. Selah",3,1
126,6,"I lie down and I fall asleep, [and] I will wake up, for the LORD sustains me.",3,1
127,7,"I do not fear, then, thousands of people arrayed against me on every side.",3,1
128,8,"III Arise, LORD! Save me, my God! For you strike the cheekbone of all my foes; you break the teeth of the wicked.",3,1
129,9,Salvation is from the LORD! May your blessing be upon your people! Selah,3,1