verseID,verseNumber,verseString,chapter_FK,book_FK
1,1,"In the beginning was the Word, and the Word was with God, and the Word was God.",1,5
2,2,"He was in the beginning with God.",1,5
3,3,"All things came to be through him, and without him nothing came to be. What came to be",1,5
4,4,"through him was life, and this life was the light of the human race;",1,5
5,5,"the light shines in the darkness, and the darkness has not overcome it.",1,5
6,6,"A man named John was sent from God.",1,5
7,7,"He came for testimony, to testify to the light, so that all might believe through him.",1,5
8,8,"He was not the light, but came to testify to the light. ",1,5
9,9,"The true light, which enlightens everyone, was coming into the world.",1,5
10,10,"He was in the world, and the world came to be through him, but the world did not know him.",1,5
11,11,"He came to what was his own, but his own people* did not accept him.",1,5
12,12,"But to those who did accept him he gave power to become children of God, to those who believe in his name,",1,5
13,13,"who were born not by natural generation nor by human choice nor by a man’s decision but of God.",1,5
14,14,"And the Word became flesh and made his dwelling among us, and we saw his glory, the glory as of the Father’s only Son, full of grace and truth.",1,5
15,26,"In the sixth month, the angel Gabriel was sent from God to a town of Galilee called Nazareth ",1,4
16,27,"to a virgin betrothed to a man named Joseph, of the house of David, and the virgin's name was Mary ",1,4
17,28,"And coming to her, he said, ""Hail, favored one! The Lord is with you.""",1,4
18,29,"But she was greatly troubled at what was said and pondered what sort of greeting this might be.",1,4
19,30,"Then the angel said to her, ""Do not be afraid, Mary, for you have found favor with God. ",1,4
20,31,"Behold, you will conceive in your womb and bear a son, and you shall name him Jesus.",1,4
21,32,"He will be great and will be called Son of the Most High, and the Lord God will give him the throne of David his father,",1,4
22,33,"and he will rule over the house of Jacob forever, and of his kingdom there will be no end.""",1,4
23,34,"But Mary said to the angel, ""How can this be, since I have no relations with a man?",1,4
24,35,"And the angel said to her in reply, The holy Spirit will come upon you, and the power of the Most High will overshadow you. Therefore the child to be born will be called holy, the Son of God. ",1,4
25,36,"And behold, Elizabeth, your relative, has also conceived a son in her old age, and this is the sixth month for her who was called barren;",1,4
26,37,"for nothing will be impossible for God.""",1,4
27,38,"Mary said, Behold, I am the handmaid of the Lord. May it be done to me according to your word."" Then the angel departed from her",1,4
28,20,"Such was his intention when, behold, the angel of the Lord* appeared to him in a dream and said, “Joseph, son of David, do not be afraid to take Mary your wife into your home. For it is through the holy Spirit that this child has been conceived in her.",1,2
29,21,"She will bear a son and you are to name him Jesus,* because he will save his people from their sins.”",1,2
30,22,"All this took place to fulfill what the Lord had said through the prophet",1,2
31,39,"During those days Mary set out and traveled to the hill country in haste to a town of Judah, ",1,4
32,40,"where she entered the house of Zechariah and greeted Elizabeth. ",1,4
33,41,"When Elizabeth heard Mary's greeting, the infant leaped in her womb, and Elizabeth, filled with the holy Spirit, ",1,4
34,42,"cried out in a loud voice and said, Most blessed are you among women, and blessed is the fruit of your womb. ",1,4
35,43,"And how does this happen to me, that the mother of my Lordshould come to me? ",1,4
36,44,"For at the moment the sound of your greeting reached my ears, the infant in my womb leaped for joy.",1,4
37,45,"Blessed are you who believed that what was spoken to you by the Lord would be fulfilled.""",1,4
38,46,"And Mary said: ""My soul proclaims the greatness of the Lord;",1,4
39,47,"my spirit rejoices in God my savior. ",1,4
40,48,"For he has looked upon his handmaid's lowliness; behold, from now on will all ages call me blessed.",1,4
41,49,"The Mighty One has done great things for me, and holy is his name.",1,4
42,50,"His mercy is from age to age to those who fear him.",1,4
43,51,"He has shown might with his arm, dispersed the arrogant of mind and heart.",1,4
44,52,"He has thrown down the rulers from their thrones but lifted up the lowly.",1,4
45,53,"The hungry he has filled with good things; the rich he has sent away empty.",1,4
46,54,"He has helped Israel his servant, remembering his mercy,",1,4
47,55,"according to his promise to our fathers, to Abraham and to his descendants forever.""",1,4
48,56,"Mary remained with her about three months and then returned to her home.",1,4
49,57,"When the time arrived for Elizabeth to have her child she gave birth to a son.",1,4
50,59,"When they came on the eighth day to circumciseh the child, they were going to call him Zechariah after his father,",1,4
51,63,"He asked for a tablet and wrote, “John is his name,” and all were amazed.",1,4
52,64,"Immediately his mouth was opened, his tongue freed, and he spoke blessing God.",1,4
53,4,"And Joseph too went up from Galilee from the town of Nazareth to Judea, to the city of David that is called Bethlehem, because he was of the house and family of David,",2,4
54,5,"to be enrolled with Mary, his betrothed, who was with child.",2,4
55,6,"While they were there, the time came for her to have her child,",2,4
56,7,"and she gave birth to her firstborn son. She wrapped him in swaddling clothes and laid him in a manger, because there was no room for them in the inn.",2,4
57,8,"Now there were shepherds in that region living in the fields and keeping the night watch over their flock.",2,4
58,9,"The angel of the Lord appeared to them and the glory of the Lord shone around them, and they were struck with great fear.",2,4
59,10,"The angel said to them, do not be afraid; for behold, I proclaim to you good news of great joy that will be for all the people.",2,4
60,11,"For today in the city of David a savior has been born for you who is Messiah and Lord.",2,4
61,13,"And suddenly there was a multitude of the heavenly host with the angel, praising God and saying:",2,4
62,14,"Glory to God in the highest and on earth peace to those on whom his favor rests.""",2,4
63,15,"When the angels went away from them to heaven, the shepherds said to one another, Let us go, then, to Bethlehem to see this thing that has taken place, which the Lord has made known to us.""",2,4
64,16,"So they went in haste and found Mary and Joseph, and the infant lying in the manger.",2,4
65,17,"When they saw this, they made known the message that had been told them about this child.",2,4
66,18,"All who heard it were amazed by what had been told them by the shepherds.",2,4
67,1,"When Jesus was born in Bethlehem of Judea, in the days of King Herod,* behold, magi from the east arrived in Jerusalem,",2,2
68,2,"saying, “Where is the newborn king of the Jews? We saw his star* at its rising and have come to do him homage.”",2,2
69,9,"After their audience with the king they set out. And behold, the star that they had seen at its rising preceded them, until it came and stopped over the place where the child was.",2,2
70,10,"They were overjoyed at seeing the star,",2,2
71,11,"and on entering the house they saw the child with Mary his mother. They prostrated themselves and did him homage. Then they opened their treasures and offered him gifts of gold, frankincense, and myrrh.",2,2
72,21,"When eight days were completed for his circumcision, he was named Jesus, the name given him by the angel before he was conceived in the womb.",2,4
73,22,"When the days were completed for their purification according to the law of Moses, they took him up to Jerusalem to present him to the Lord,",2,4
74,23,"just as it is written in the law of the Lord, ԅvery male that opens the womb shall be consecrated to the Lord,""",2,4
75,24,"and to offer the sacrifice of ""a pair of turtledoves or two young pigeons,"" in accordance with the dictate in the law of the Lord.",2,4
76,25,"Now there was a man in Jerusalem whose name was Simeon. This man was righteous and devout, awaiting the consolation of Israel, and the holy Spirit was upon him.",2,4
77,26,"It had been revealed to him by the holy Spirit that he should not see death before he had seen the Messiah of the Lord.",2,4
78,27,"He came in the Spirit into the temple; and when the parents brought in the child Jesus to perform the custom of the law in regard to him,",2,4
79,28,"he took him into his arms and blessed God, saying:",2,4
80,29,"""Now, Master, you may let your servant go in peace, according to your word,",2,4
81,30,"for my eyes have seen your salvation,",2,4
82,31,"which you prepared in sight of all the peoples,",2,4
83,32,"a light for revelation to the Gentiles, and glory for your people Israel.""",2,4
84,33,"The childӳ father and mother were amazed at what was said about him;",2,4
85,34,"and Simeon blessed them and said to Mary his mother, ""Behold, this child is destined for the fall and rise of many in Israel, and to be a sign that will be contradicted",2,4
86,35,"(and you yourself a sword will pierce)* so that the thoughts of many hearts may be revealed.""",2,4
87,36,"There was also a prophetess, Anna, the daughter of Phanuel, of the tribe of Asher. She was advanced in years, having lived seven years with her husband after her marriage,",2,4
88,37,"and then as a widow until she was eighty-four. She never left the temple, but worshiped night and day with fasting and prayer.",2,4
89,38,"And coming forward at that very time, she gave thanks to God and spoke about the child to all who were awaiting the redemption of Jerusalem.",2,4
90,39,"When they had fulfilled all the prescriptions of the law of the Lord, they returned to Galilee, to their own town of Nazareth.",2,4
91,40,"The child grew and became strong, filled with wisdom; and the favor of God was upon him.",2,4
92,41,"Each year his parents went to Jerusalem for the feast of Passover,",2,4
93,42,"and when he was twelve years old, they went up according to festival custom.",2,4
94,43,"After they had completed its days, as they were returning, the boy Jesus remained behind in Jerusalem, but his parents did not know it.",2,4
95,44,"Thinking that he was in the caravan, they journeyed for a day and looked for him among their relatives and acquaintances,",2,4
96,45,"but not finding him, they returned to Jerusalem to look for him.",2,4
97,46,"After three days they found him in the temple, sitting in the midst of the teachers, listening to them and asking them questions,",2,4
98,47,"and all who heard him were astounded at his understanding and his answers.",2,4
99,48,"When his parents saw him, they were astonished, and his mother said to him, ԓon, why have you done this to us? Your father and I have been looking for you with great anxiety.""",2,4
100,49,"And he said to them, ""Why were you looking for me? Did you not know that I must be in my Father's house?""",2,4
101,50,"But they did not understand what he said to them.",2,4
102,51,"He went down with them and came to Nazareth, and was obedient to them; and his mother kept all these things in her heart.",2,4
103,52,"And Jesus advanced [in] wisdom and age and favor before God and man.",2,4
104,1,"Blessed is the man who does not walk in the counsel of the wicked, Nor stand in the way* of sinners, nor sit in company with scoffers.a",1,1
105,2,"Rather, the law of the LORD* is his joy; and on his law he meditates day and night",1,1
106,3,"He is like a tree planted near streams of water, that yields its fruit in season; Its leaves never wither; whatever he does prospers.",1,1
107,4,"But not so are the wicked, not so! They are like chaff driven by the wind.",1,1
108,5,"Therefore the wicked will not arise at the judgment, nor will sinners in the assembly of the just.",1,1
109,6,"Because the LORD knows the way of the just, but the way of the wicked leads to ruin.",1,1
110,1,"Why do the nations protest and the peoples conspire in vain?",2,1
111,2,"Kings on earth rise up and princes plot together against the LORD and against his anointed one:",2,1
112,3,"“Let us break their shackles and cast off their chains from us!”",2,1
113,4,"The one enthroned in heaven laughs; the Lord derides them,",2,1
114,5,"Then he speaks to them in his anger, in his wrath he terrifies them:",2,1
115,6,"“I myself have installed my king on Zion, my holy mountain.”",2,1
116,7,"I will proclaim the decree of the LORD, he said to me, “You are my son; today I have begotten you.",2,1
117,8,"Ask it of me, and I will give you the nations as your inheritance, and, as your possession, the ends of the earth.",2,1
118,9,"With an iron rod you will shepherd them, like a potter’s vessel you will shatter them.”",2,1
119,10,"And now, kings, give heed; take warning, judges on earth.",2,1
120,11,"Serve the LORD with fear; exult with trembling, Accept correction lest he become angry and you perish along the way when his anger suddenly blazes up. Blessed are all who take refuge in him!",2,1
121,1,"A psalm of David, when he fled from his son Absalom.",3,1
122,2,"I How many are my foes, LORD! How many rise against me!",3,1
123,3,"How many say of me, “There is no salvation for him in God.” Selah",3,1
124,4,"But you, LORD, are a shield around me; my glory, you keep my head high.",3,1
125,5,"II With my own voice I will call out to the LORD, and he will answer me from his holy mountain. Selah",3,1
126,6,"I lie down and I fall asleep, [and] I will wake up, for the LORD sustains me.",3,1
127,7,"I do not fear, then, thousands of people arrayed against me on every side.",3,1
128,8,"III Arise, LORD! Save me, my God! For you strike the cheekbone of all my foes; you break the teeth of the wicked.",3,1
129,9,"Salvation is from the LORD! May your blessing be upon your people! Selah",3,1
