prayertextID,prayertextName,prayertextString,prayerType_FK,lexicon_FK
0,NULL,NULL,NULL,NULL
1,"Sign of the Cross","In the name of the Father of the Son and of the Holy Spirit. Amen",1,1
2,"La Señal de la Cruz","En el nombre del Padre, del Hijo y del Espíritu Santo. Amén.",1,2
3,"In nómine Patris","In nómine Patris, et Fílii, et Spíritus Sancti. Amen.",1,3
4,"Apostles' Creed","I believe in God, the Father almighty, Creator of heaven and earth, and in Jesus Christ, his only Son, our Lord, who was conceived by the Holy Spirit, born of the Virgin Mary, suffered under Pontius Pilate, was crucified, died and was buried; he descended into hell; on the third day he rose again from the dead; he ascended into heaven, and is seated at the right hand of God the Father almighty; from there he will come to judge the living and the dead. I believe in the Holy Spirit, the holy catholic Church, the communion of saints, the forgiveness of sins, the resurrection of the body, and life everlasting. Amen.",2,1
5,"El Credo de los Apóstoles","Creo en un solo Dios, Padre Todopoderoso, Creador del cielo y de la tierra, de todo lo visible y lo invisible. Creo en un solo Señor Jesucristo, hijo único de Dios, nacido del Padre ante todos los siglos, Dios de Dios, Luz de Luz, Dios Verdadero de Dios Verdadero, engendrado, no creado, de la misma naturaleza del Padre por quien todo fué hecho, que por nosotros los hombres y por nuestra salvación bajó del cielo. Y por obra del Espíritu Santo se encarnó de la Virgen María y se hizó hombre. Y por nuestra causa fué crucificado en tiempos de Poncio Pilatos, padeció y fué sepulatdo y resucitó al tercer día según las Escrituras y subió al cielo. Y está sentado a la derecha del Padre y de nuevo vendrá con Gloria para juzgar a vivos y muertos y su reino no tendrá fin. Creo en el Espíritu Santo, Señor y dador de vida que procede del Padre y el Hijo, que con el Padre y el Hijo reciben una misma adoración y Gloria que habló por los profetas. Creo en la iglesia que es una: Santa, Católica y Apostólica, confieso que hay un solo bautismo para el perdon de los pecados. Espero la resurrección de los muertos y la vida del mundo futuro Amén.",2,2
6,"Credo in Deum","Credo in Deum Patrem omnipoténtem, Creatórem cæli et terræ. Et in Iesum Christum, Fílium eius únicum, Dóminum nostrum, qui concéptus est de Spíritu Sancto, natus ex María Vírgine, passus sub Póntio Piláto, crucifíxus, mórtuus, et sepúltus, descéndit ad ínfernos, tértia die resurréxit a mórtuis, ascéndit ad cælos, sedet ad déxteram Dei Patris omnipoténtis, inde ventúrus est iudicáre vivos et mórtuos. Credo in Spíritum Sanctum, sanctam Ecclésiam cathólicam, sanctórum communiónem, remissiónem peccatórum, carnis resurrectiónem, vitam ætérnam. Amen.",2,3
7,"Our Father","Our Father, who art in heaven, hallowed be thy name; thy kingdom come; thy will be done on earth as it is in heaven. Give us this day our daily bread; and forgive us our trespasses as we forgive those who trespass against us; and lead us not into temptation, but deliver us from evil. Amen",3,1
8,"El Padre Nuestro","Padre Nuestro que estas en los cielos. Santificado sea tu nombre venga a nosotros tu reino. Hágase tu voluntad en la tierra, como en el cielo. Dános hoy nuestro pan de cada día y perdona nuestras ofensas como también nosotros perdonamos alos que nos ofenden. No nos dejes caer en tentación y líbranos del mal. Amén.",3,2
9,"Pater noster","Pater noster, qui es in cælis, sanctificétur nomen tuum. Advéniat regnum tuum. Fiat volúntas tua, sicut in cælo, et in terra. Panem nostrum cotidiánum da nobis hódie, et dimítte nobis débita nostra sicut et nos dimíttimus debitóribus nostris. Et ne nos indúcas in tentatiónem, sed líbera nos a malo. Amen.",3,3
10,"Hail Mary","Hail Mary, full of grace, the Lord is with you; blessed are you among women, and blessed is the fruit of your womb, Jesus. Holy Mary, Mother of God, pray for us sinners now and at the hour of our death. Amen.",4,1
11,"Ave María","Dios te salve María llena eres de Gracia, el Señor es contigo. Bendita eres entre todas las mujeres y bendito es el fruto de tu vientre Jesús. Santa María, Madre de Dios, ruega por nosotros los pecadores ahora y en la hora de nuestra muerte. Amén.",4,2
12,"Ave María","Ave María, grátia plena, Dóminus tecum. Benedícta tu in muliéribus, et benedíctus fructus ventris tui, Iesus. Sancta María, Mater Dei, ora pro nobis peccatóribus, nunc, et in hora mortis nostræ. Amen.",4,3
13,"Glory Be (The Doxology)","Glory be to the Father, the Son, and the Holy Spirit; as it was in the beginning, is now, and ever shall be, world without end. Amen.",5,1
14,Gloria,"Gloria al Padre, y al Hijo y al Espíritu Santo, como era en el principio, ahora y siempre, por los siglos de los siglos. Amén.",5,2
15,"Glória Patri","Glória Patri, et Fílio, et Spirítui Sancto. Sicut erat in princípio, et nunc, et semper, et in sæcula sæculórum. Amen.",5,3
16,"Fatima Prayer","O my Jesus, forgive us our sins, save us from the fires of hell, and lead all souls to Heaven, especially those in most need of Your Mercy.",6,1
17,"La Oración de Fátima","Oh, Jesús mío, perdona nuestros pecados, líbranos del fuego del infierno, y lleva nuestras almas al cielo, especialmente aquellos que necesitan más Tu Misericordia",6,2
18,"Domine Iesu","Domine Iesu, dimitte nobis debita nostra, salva nos ab igne inferiori, perduc in cælum omnes animas, præsertim eas, quæ misericordiæ tuæ maxime indigent. Amen.",6,3
19,"The Hail Holy Queen (The Salve Regina)","Hail, holy Queen, mother of mercy, our life, our sweetness, and our hope. To you we cry, poor banished children of Eve; to you we send up our sighs, mourning and weeping in this valley of tears. Turn, then, most gracious advocate, your eyes of mercy toward us; and after this, our exile, show unto us the blessed fruit of your womb, Jesus. O clement, O loving, O sweet Virgin Mary.",7,1
20,"Salve Regína","Dios te salve, Reina y Madre de misericordia, vida, dulzura y esperanza nuestra. Dios te Salve. A ti llamamos los desterrados hijos de Eva, a ti suspiramos gimiendo y llorando en este valle de lágrimas. Ea! pues Señora abogada nuestra, vuelve a nosotros esos tus ojos misericordiosos y después de este destierro, muéstranos a Jesús fruto bendito de tu vientre. Oh Clemente! Oh Piadosa! Oh Dulce Siempre Virgen María! Ruega por nosotros Santa Madre de Dios para que seamos dignos de alcanzar las promesas de Nuestro Señor Jesucristo. Amén.",7,2
21,"Salve Regína","Salve Regína, Mater misericórdiæ; Vita dulcédo, et spes nostra, salve. Ad te Clamámus éxsules fílii Evæ; Ad te Suspirámus, geméntes et flentes in hac lacrimárum valle. Eia ergo, Advocáta nostra, Illos tuos misericórdes óculos ad nos convérte: Et Iesum, benedíctum fructum ventris tui, Nobis post hoc exsílium osténde. O clemens, o pia, o dulcis Virgo María. V/. Ora pro nobis, Sancta Dei Génetrix. R/. Ut digni efficiámur promissionibus Christi. Amen.",7,3
22,"Let us pray","Let us pray. O GOD, whose only begotten Son, by His life, death, and resurrection, has purchased for us the rewards of eternal life, grant, we beseech Thee, that meditating upon these mysteries of the Most Holy Rosary of the Blessed Virgin Mary, we may imitate what they contain and obtain what they promise, through the same Christ Our Lord. Amen.",8,1
23,Oremus,"Oh Dios de quién Único Hijo nos ha otorgado los beneficios de la vida eterna, concédenos la gracia que te pedimos mientras meditamos los Misterios del Mas Santo Rosario de la Bienaventurada Virgen María, debemos imitar lo que contienen y obtener lo que prometen, a través del mismo Cristo Nuestro Señor. Amen.",8,2
24,Oremus,"Deus, cujus Unigénitus, per vitam, mortem et resurrectiónem suam nobis salútis ætérnæ præmia comparávit: concéde, quæsumus; ut, hæc mystéria sanctíssimo beátæ Maríæ Virginis Rosário recoléntes; et imitémur quod cóntinent, et quod promíttunt, assequámur. Per eúmdem Christum Dóminum nostrum. Amen.",8,3
